,Scripcode,Start Date,End Date,Entry Buffer,Exit Buffer,TSL1,TSL2
,GRASIM EQ,2014-01-01,2024-12-31,1.0,1.0,2.0,4.0
,,,,,,,,,,,
,,,,,,,,,,,
,System,Entry Date,Exit Date,Trade,Entry,Exit,P&L,Cumm PL,Comments,HH/LL,% ITM
1,RTT,2020-08-18,2020-08-26,Long,638.17,664.83,26.660000000000082,26.660000000000082,SAR,693.5,8.67
2,RTT,2020-08-26,2020-08-27,Short,664.83,680.49,-15.659999999999968,11.000000000000114,SAR,658.6,0.94
3,RTT,2020-08-27,2020-08-31,Long,680.49,680.49,0.0,11.000000000000114,BEP,717.5,5.44
4,RTT,2020-09-01,2020-09-01,Short,660.53,686.95,-26.420000000000073,-15.419999999999959,TSL,651.05,1.44
5,RTT,2020-09-02,2020-09-03,Short,668.1,691.4,-23.299999999999955,-38.719999999999914,SAR,662.65,0.82
6,RTT,2020-09-03,2020-09-08,Long,691.4,691.4,0.0,-38.719999999999914,BEP,729.35,5.49
7,RTT,2020-09-09,2020-09-10,Short,671.67,698.54,-26.870000000000005,-65.58999999999992,TSL,664.05,1.13
8,RTT,2020-09-14,2020-09-23,Long,732.0,709.68,-22.32000000000005,-87.90999999999997,SAR,749.65,2.41
9,RTT,2020-09-23,2020-09-24,Short,709.68,709.68,0.0,-87.90999999999997,BEP,675.5,4.82
10,RTT,2020-09-25,2020-09-29,Short,709.68,736.39,-26.710000000000036,-114.62,SAR,683.0,3.76
11,RTT,2020-09-29,2020-10-09,Long,736.39,742.65,6.259999999999991,-108.36000000000001,SAR,774.7,5.2
12,RTT,2014-01-07,2014-01-07,Long,2633.95,2604.39,-29.559999999999945,-137.91999999999996,SAR,2647.25,0.5
13,RTT,2014-01-07,2014-01-17,Short,2604.39,2628.27,-23.88000000000011,-161.80000000000007,SAR,2560.0,1.7
14,RTT,2014-01-17,2014-01-22,Long,2628.27,2569.59,-58.679999999999836,-220.4799999999999,SAR,2629.95,0.06
15,RTT,2014-01-22,2014-01-29,Short,2569.59,2619.99,-50.399999999999636,-270.87999999999954,SAR,2556.0,0.53
16,RTT,2014-01-29,2014-01-31,Long,2619.99,2566.48,-53.50999999999976,-324.3899999999993,SAR,2625.0,0.19
17,RTT,2014-01-31,2014-02-10,Short,2566.48,2566.48,0.0,-324.3899999999993,BEP,2451.0,4.5
18,RTT,2014-02-13,2014-02-21,Short,2460.79,2508.23,-47.440000000000055,-371.82999999999936,SAR,2426.35,1.4
19,RTT,2014-02-21,2014-03-14,Long,2508.23,2710.1,201.8699999999999,-169.95999999999947,SAR,2838.9,13.18
20,RTT,2014-03-14,2014-03-24,Short,2722.8,2767.65,-44.84999999999991,-214.80999999999938,SAR,2687.4,1.3
21,RTT,2014-03-24,2014-04-15,Long,2767.65,2786.5,18.84999999999991,-195.95999999999947,SAR,2922.0,5.58
22,RTT,2014-04-15,2014-04-25,Short,2786.5,2786.5,0.0,-195.95999999999947,BEP,2658.4,4.6
23,RTT,2014-04-28,2014-05-09,Short,2650.0,2664.99,-14.989999999999782,-210.94999999999925,SAR,2583.1,2.52
24,RTT,2014-05-09,2014-05-21,Long,2664.99,2990.54,325.5500000000002,114.60000000000093,SAR,3274.75,22.88
25,RTT,2014-05-21,2014-05-26,Short,2990.54,3062.93,-72.38999999999987,42.21000000000106,SAR,2906.4,2.81
26,RTT,2014-05-26,2014-05-27,Long,3062.93,3062.93,0.0,42.21000000000106,BEP,3224.55,5.28
27,RTT,2020-10-09,2020-10-16,Short,742.65,771.24,-28.590000000000032,13.620000000001028,SAR,733.45,1.24
28,RTT,2014-05-28,2014-06-13,Long,3118.0,3522.57,404.57000000000016,418.1900000000012,SAR,3789.0,21.52
29,RTT,2014-06-13,2014-06-17,Short,3522.57,3609.39,-86.81999999999971,331.3700000000015,SAR,3509.85,0.36
30,RTT,2014-06-17,2014-06-20,Long,3609.39,3499.8,-109.58999999999969,221.7800000000018,SAR,3615.0,0.16
31,RTT,2014-06-20,2014-07-17,Short,3499.8,3343.0,156.80000000000018,378.580000000002,SAR,3188.05,8.91
32,RTT,2014-07-17,2014-07-24,Long,3343.0,3303.73,-39.26999999999998,339.310000000002,SAR,3427.1,2.52
33,RTT,2014-07-24,2014-08-05,Short,3303.73,3249.73,54.0,393.310000000002,SAR,3173.95,3.93
34,RTT,2014-08-05,2014-08-08,Long,3249.73,3245.17,-4.559999999999945,388.75000000000205,SAR,3345.0,2.93
35,RTT,2014-08-08,2014-08-12,Short,3245.17,3321.99,-76.81999999999971,311.93000000000234,SAR,3232.05,0.4
36,RTT,2014-08-12,2014-08-26,Long,3321.99,3373.82,51.83000000000038,363.7600000000027,SAR,3475.0,4.61
37,RTT,2014-08-26,2014-09-01,Short,3373.82,3479.7,-105.87999999999965,257.88000000000306,SAR,3344.0,0.88
38,RTT,2014-09-01,2014-09-02,Long,3479.7,3479.7,0.0,257.88000000000306,BEP,3653.9,5.01
39,RTT,2014-09-03,2014-09-12,Long,3615.0,3601.17,-13.829999999999927,244.05000000000314,SAR,3683.65,1.9
40,RTT,2014-09-12,2014-09-19,Short,3601.17,3682.86,-81.69000000000005,162.36000000000308,SAR,3520.0,2.25
41,RTT,2020-10-16,2020-10-26,Long,771.24,771.24,0.0,162.36000000000308,BEP,3699.0,379.62
42,RTT,2014-09-19,2014-09-25,Long,3682.86,3535.55,-147.30999999999995,15.050000000003138,TSL,3758.0,2.04
43,RTT,2014-10-01,2014-10-29,Short,3507.62,3452.89,54.73000000000002,69.78000000000316,SAR,3218.0,8.26
44,RTT,2014-10-29,2014-11-12,Long,3452.89,3545.78,92.89000000000033,162.67000000000348,SAR,3660.0,6.0
45,RTT,2014-11-12,2014-11-12,Short,3545.78,3639.0,-93.2199999999998,69.45000000000368,SAR,3500.4,1.28
46,RTT,2014-11-12,2014-11-17,Long,3625.04,3545.78,-79.25999999999976,-9.80999999999608,SAR,3660.0,0.96
47,RTT,2014-11-17,2014-11-27,Short,3545.78,3578.03,-32.25,-42.05999999999608,SAR,3460.0,2.42
48,RTT,2014-11-27,2014-12-04,Long,3578.03,3470.74,-107.29000000000042,-149.3499999999965,SAR,3595.0,0.47
49,RTT,2014-12-04,2014-12-23,Short,3470.74,3450.01,20.729999999999563,-128.61999999999694,SAR,3305.2,4.77
50,RTT,2014-12-23,2015-01-06,Long,3450.01,3351.2,-98.8100000000004,-227.42999999999734,SAR,3547.6,2.83
51,RTT,2020-10-27,2020-11-05,Short,774.0,799.06,-25.059999999999945,-252.48999999999728,SAR,765.25,1.13
52,RTT,2015-01-06,2015-01-13,Short,3351.2,3467.0,-115.80000000000018,-368.28999999999746,SAR,3341.9,0.28
53,RTT,2015-01-13,2015-02-09,Long,3459.2,3770.22,311.02,-57.26999999999748,SAR,3975.0,14.91
54,RTT,2015-02-09,2015-02-12,Short,3770.22,3921.03,-150.8100000000004,-208.07999999999788,TSL,3651.9,3.14
55,RTT,2015-02-13,2015-02-19,Long,3882.59,3816.7,-65.89000000000033,-273.9699999999982,SAR,3900.0,0.45
56,RTT,2015-02-19,2015-03-02,Short,3816.7,3816.7,0.0,-273.9699999999982,BEP,3580.65,6.18
57,RTT,2015-03-02,2015-03-09,Long,3906.07,3749.83,-156.24000000000024,-430.20999999999844,TSL,4024.85,3.04
58,RTT,2015-03-13,2015-03-30,Short,3661.86,3666.05,-4.190000000000055,-434.3999999999985,SAR,3528.65,3.64
59,RTT,2020-11-05,2020-12-21,Long,799.06,893.23,94.17000000000007,-340.2299999999984,SAR,3667.95,359.03
60,RTT,2015-03-30,2015-04-16,Long,3666.05,3742.7,76.64999999999964,-263.5799999999988,SAR,3826.9,4.39
61,RTT,2015-04-16,2015-05-11,Short,3742.7,3545.66,197.03999999999996,-66.53999999999883,SAR,3443.0,8.01
62,RTT,2015-05-11,2015-05-14,Long,3545.66,3458.22,-87.44000000000005,-153.97999999999888,SAR,3575.0,0.83
63,RTT,2015-05-14,2015-05-19,Short,3458.22,3592.32,-134.10000000000036,-288.07999999999925,SAR,3456.2,0.06
64,RTT,2015-05-19,2015-05-28,Long,3592.32,3531.97,-60.350000000000364,-348.4299999999996,SAR,3698.0,2.94
65,RTT,2015-05-28,2015-05-29,Short,3531.97,3614.49,-82.51999999999998,-430.9499999999996,SAR,3502.1,0.85
66,RTT,2015-05-29,2015-06-03,Long,3614.49,3476.73,-137.75999999999976,-568.7099999999994,SAR,3680.0,1.81
67,RTT,2020-12-21,2020-12-28,Short,893.23,911.02,-17.789999999999964,-586.4999999999993,SAR,863.35,3.35
68,RTT,2015-06-03,2015-06-04,Short,3476.73,3421.3,55.429999999999836,-531.0699999999995,SAR,3393.0,2.41
69,RTT,2015-06-04,2015-06-11,Long,3421.3,3372.34,-48.960000000000036,-580.0299999999995,SAR,3473.0,1.51
70,RTT,2015-06-11,2015-06-19,Short,3372.34,3404.36,-32.01999999999998,-612.0499999999995,SAR,3320.2,1.55
71,RTT,2015-06-19,2015-06-29,Long,3404.36,3366.3,-38.059999999999945,-650.1099999999994,SAR,3480.0,2.22
72,RTT,2015-06-29,2015-06-30,Short,3366.3,3439.91,-73.60999999999967,-723.7199999999991,SAR,3301.0,1.94
73,RTT,2015-06-30,2015-07-20,Long,3439.91,3638.0,198.09000000000015,-525.629999999999,SAR,3779.0,9.86
74,RTT,2020-12-28,2020-12-28,Long,911.02,901.2,-9.819999999999936,-535.4499999999989,SAR,0.0,-100.0
75,RTT,2015-07-20,2015-07-20,Short,3638.0,3710.76,-72.76000000000022,-608.2099999999991,TSL,3628.0,0.27
76,RTT,2015-07-20,2015-08-11,Long,3723.36,3714.63,-8.730000000000018,-616.9399999999991,SAR,3842.9,3.21
77,RTT,2015-08-11,2015-08-18,Short,3714.63,3740.79,-26.159999999999854,-643.099999999999,SAR,3574.0,3.79
78,RTT,2015-08-18,2015-08-20,Long,3740.79,3651.61,-89.17999999999984,-732.2799999999988,SAR,3760.0,0.51
79,RTT,2015-08-20,2015-08-20,Short,3651.61,3671.0,-19.389999999999873,-751.6699999999987,SAR,3631.0,0.56
80,RTT,2021-01-04,2021-01-04,Long,943.74,937.15,-6.590000000000032,-758.2599999999987,SAR,0.0,-100.0
81,RTT,2015-08-20,2015-08-21,Long,3671.0,3651.61,-19.389999999999873,-777.6499999999986,SAR,3730.1,1.61
82,RTT,2015-08-21,2015-08-27,Short,3651.61,3492.98,158.6300000000001,-619.0199999999985,SAR,3362.65,7.91
83,RTT,2015-08-27,2015-09-01,Long,3492.98,3377.78,-115.19999999999982,-734.2199999999983,SAR,3555.05,1.78
84,RTT,2015-09-01,2015-09-09,Short,3377.78,3457.38,-79.59999999999991,-813.8199999999982,SAR,3323.2,1.62
85,RTT,2015-09-09,2015-09-22,Long,3457.38,3422.13,-35.25,-849.0699999999982,SAR,3549.0,2.65
86,RTT,2021-01-05,2021-01-06,Short,955.0,974.09,-19.090000000000032,-868.1599999999983,SAR,955.05,-0.01
87,RTT,2015-09-22,2015-09-22,Short,3422.13,3462.2,-40.06999999999971,-908.229999999998,SAR,inf,-inf
88,RTT,2015-09-23,2015-09-23,Short,3422.13,3400.0,22.13000000000011,-886.0999999999979,SAR,3385.0,1.08
89,RTT,2015-09-23,2015-09-29,Long,3400.0,3398.62,-1.3800000000001091,-887.479999999998,SAR,3499.0,2.91
90,RTT,2015-09-29,2015-09-29,Short,3398.62,3466.59,-67.97000000000025,-955.4499999999982,TSL,3380.1,0.54
91,RTT,2015-09-29,2015-10-19,Long,3476.12,3599.24,123.11999999999989,-832.3299999999983,SAR,3688.75,6.12
92,RTT,2021-01-06,2021-01-18,Long,974.09,1010.05,35.95999999999992,-796.3699999999984,SAR,1041.0,6.87
93,RTT,2015-10-19,2015-10-23,Short,3599.24,3685.54,-86.30000000000018,-882.6699999999986,SAR,3591.0,0.23
94,RTT,2015-10-23,2015-10-29,Long,3685.54,3649.59,-35.94999999999982,-918.6199999999984,SAR,3720.0,0.94
95,RTT,2015-10-29,2015-10-30,Short,3649.59,3734.32,-84.73000000000002,-1003.3499999999984,SAR,990.85,72.85
96,RTT,2015-10-30,2015-11-09,Long,3734.32,3654.29,-80.0300000000002,-1083.3799999999987,SAR,3759.0,0.66
97,,2015-11-09,2021-01-18,Short,3654.29,1010.05,0.0,,Short,,
98,,2021-01-18,2021-01-19,Short,1010.05,1043.38,-33.330000000000155,,SAR,1002.0,0.8
99,,2015-11-26,2015-12-10,Long,3720.64,3682.35,-38.289999999999964,,SAR,3790.0,1.86
100,,2015-12-10,2015-12-17,Short,3682.35,3748.61,-66.26000000000022,,SAR,3586.2,2.61
101,,2015-12-17,2016-01-04,Long,3748.61,3688.39,-60.220000000000255,,SAR,3790.1,1.11
102,,2016-01-04,2016-01-20,Short,3688.39,3538.74,149.6500000000001,,SAR,3439.0,6.76
103,,2021-01-19,2021-01-22,Long,1043.38,1001.64,-41.74000000000012,,TSL,3569.55,242.11
104,,2016-01-20,2016-01-20,Long,3538.74,3465.99,-72.75,,SAR,3569.55,0.87
105,,2016-01-20,2016-02-01,Short,3465.99,3512.0,-46.01000000000022,,SAR,3321.05,4.18
106,,2016-02-01,2016-02-02,Long,3557.93,3415.61,-142.3199999999997,,TSL,3569.95,0.34
107,,2016-02-05,2016-02-10,Long,3473.59,3377.88,-95.71000000000004,,SAR,3517.15,1.25
108,,2021-01-25,2021-01-25,Short,1025.0,1066.0,-41.0,,TSL,3375.0,-229.27
109,,2016-02-10,2016-02-15,Short,3377.88,3459.65,-81.76999999999998,,SAR,3325.05,1.56
110,,2016-02-15,2016-02-23,Long,3459.65,3393.32,-66.32999999999993,,SAR,3509.95,1.45
111,,2016-02-23,2016-03-01,Short,3393.32,3393.32,0.0,,BEP,3233.0,4.72
112,,2016-03-03,2016-03-15,Long,3517.73,3546.63,28.90000000000009,,SAR,3664.8,4.18
113,,2016-03-15,2016-03-17,Short,3546.63,3623.17,-76.53999999999996,,SAR,3539.9,0.19
114,,2021-01-29,2021-01-29,Long,1080.45,1062.6,-17.850000000000136,,SAR,0.0,-100.0
115,,2016-03-17,2016-05-20,Long,3623.17,4209.23,586.0599999999995,,SAR,4310.0,18.96
116,,2016-05-20,2016-05-25,Short,4209.23,4325.27,-116.04000000000087,,SAR,1048.45,75.09
117,,2016-05-25,2016-06-06,Long,4325.27,4301.25,-24.020000000000437,,SAR,4404.35,1.83
118,,2021-01-29,2021-02-01,Short,1050.93,1071.95,-21.019999999999982,,TSL,1047.35,0.34
119,,2016-06-06,2016-06-06,Short,4308.23,4301.25,6.979999999999563,,SAR,4301.25,0.16
120,,2016-06-07,2016-06-10,Long,4326.2,4275.46,-50.73999999999978,,SAR,4382.3,1.3
121,,2016-06-10,2016-06-27,Short,4275.46,4342.7,-67.23999999999978,,SAR,4239.95,0.83
122,,2021-02-01,2021-02-18,Long,1078.07,1215.67,137.60000000000014,,SAR,4398.0,307.95
123,,2016-06-27,2016-08-10,Long,4342.7,4918.72,576.0200000000004,,SAR,5361.05,23.45
124,,2016-08-10,2016-08-18,Short,4918.72,4607.17,311.5500000000002,,SAR,4155.55,15.52
125,,2016-08-18,2016-09-12,Long,4607.17,4607.17,0.0,,BEP,4819.9,4.62
126,,2016-09-12,2016-09-16,Short,4599.14,4783.11,-183.96999999999935,,TSL,4577.0,0.48
127,,2021-02-18,2021-02-25,Short,1215.67,1264.3,-48.62999999999988,,TSL,1210.0,0.47
128,,2016-09-16,2016-09-27,Long,4823.71,4819.96,-3.75,,SAR,4976.0,3.16
129,,2016-09-27,2016-10-03,Short,4819.96,4930.01,-110.05000000000018,,SAR,1190.85,75.29
130,,2016-10-03,2016-10-06,Long,4930.01,994.0,-3936.01,,SAR,4991.45,1.25
131,,2021-02-26,2021-03-01,Short,1255.0,1255.0,0.0,,BEP,1202.2,4.21
132,,2016-10-06,2016-10-10,Short,994.0,1033.76,-39.75999999999999,,TSL,988.2,0.58
133,,2016-10-13,2016-11-25,Short,999.11,820.37,178.74,,SAR,781.9,21.74
134,,2016-11-25,2016-12-12,Long,820.37,863.23,42.860000000000014,,SAR,899.0,9.58
135,,2021-03-02,2021-03-17,Long,1275.0,1365.7,90.70000000000005,,SAR,1408.0,10.43
136,,2016-12-12,2016-12-29,Short,863.23,836.84,26.389999999999986,,SAR,800.05,7.32
137,,2016-12-29,2017-01-10,Long,836.84,846.7,9.860000000000014,,SAR,881.0,5.28
138,,2017-01-10,2017-01-18,Short,846.7,863.3,-16.59999999999991,,SAR,836.65,1.19
139,,2021-03-17,2021-03-18,Short,1365.7,1398.35,-32.649999999999864,,SAR,1372.0,-0.46
140,,2017-01-18,2017-02-28,Long,863.3,996.53,133.23000000000002,,SAR,1077.4,24.8
141,,2017-02-28,2017-03-03,Short,996.53,1015.76,-19.230000000000018,,SAR,975.8,2.08
142,,2017-03-03,2017-03-24,Long,1015.76,1069.3,53.539999999999964,,SAR,1098.1,8.11
143,,2021-03-18,2021-04-12,Long,1398.35,1417.95,19.600000000000136,,SAR,1472.7,5.32
144,,2017-03-24,2017-04-10,Short,1069.3,1079.79,-10.490000000000009,,SAR,1045.1,2.26
145,,2017-04-10,2017-05-18,Long,1079.79,1154.93,75.1400000000001,,SAR,1218.0,12.8
146,,2017-05-18,2017-05-19,Short,1154.93,1154.93,0.0,,BEP,1100.0,4.76
147,,2021-04-12,2021-04-13,Short,1418.22,1372.8,45.42000000000007,,SAR,1102.85,22.24
148,,2017-05-22,2017-05-26,Short,1128.0,1108.83,19.170000000000073,,SAR,1083.45,3.95
149,,2017-05-26,2017-06-06,Long,1108.83,1131.37,22.539999999999964,,SAR,1406.7,26.86
150,,2017-06-06,2017-06-20,Short,1131.37,1129.33,2.0399999999999636,,SAR,1091.6,3.52
151,,2021-04-13,2021-04-15,Long,1372.8,1362.83,-9.970000000000027,,SAR,1399.95,1.98
152,,2017-06-20,2017-06-20,Long,1129.33,1124.8,-4.529999999999973,,SAR,1146.75,1.54
153,,2017-06-21,2017-06-22,Long,1129.33,1129.33,0.0,,BEP,1189.7,5.35
154,,2017-06-23,2017-07-07,Long,1154.68,1254.28,99.59999999999991,,SAR,1294.1,12.07
155,,2021-04-15,2021-04-20,Short,1362.83,1362.83,0.0,,BEP,1281.6,5.96
156,,2017-07-07,2017-07-10,Short,1254.28,1307.1,-52.819999999999936,,SAR,1242.6,0.93
157,,2017-07-10,2017-07-10,Long,1366.73,1307.1,-59.63000000000011,,SAR,1373.35,0.48
158,,2017-07-10,2017-07-17,Short,1335.76,1300.22,35.539999999999964,,SAR,1242.6,6.97
159,,2021-04-20,2021-04-20,Long,1366.73,1339.4,-27.329999999999927,,TSL,0.0,-100.0
160,,2017-07-17,2017-07-19,Long,1300.22,1070.05,-230.17000000000007,,SAR,1331.0,2.37
161,,2017-07-19,2017-07-20,Short,1070.05,1070.05,0.0,,BEP,1012.15,5.41
162,,2021-04-20,2021-04-22,Short,1335.76,1271.9,63.8599999999999,,SAR,1270.3,4.9
163,,2017-08-01,2017-08-10,Long,1082.11,1082.11,0.0,,BEP,1137.2,5.09
164,,2017-08-10,2017-08-14,Short,1059.55,1101.93,-42.38000000000011,,TSL,1039.5,1.89
165,,2017-08-21,2017-09-19,Long,1119.74,1217.25,97.50999999999999,,SAR,1276.45,14.0
166,,2021-04-22,2021-04-23,Long,1271.9,1278.98,7.079999999999927,,SAR,1323.15,4.03
167,,2017-09-19,2017-10-10,Short,1217.25,1172.26,44.99000000000001,,SAR,1101.1,9.54
168,,2017-10-10,2017-10-10,Long,1172.26,1148.81,-23.450000000000045,,TSL,1179.7,0.63
169,,2021-04-23,2021-04-26,Short,1278.98,1313.2,-34.22000000000003,,SAR,1140.05,10.86
170,,2017-10-10,2017-10-11,Short,1140.28,1168.12,-27.839999999999918,,SAR,1147.0,-0.59
171,,2017-10-11,2017-10-12,Long,1168.12,1140.28,-27.839999999999918,,SAR,1175.3,0.61
172,,2017-10-12,2017-10-23,Short,1140.28,1158.12,-17.839999999999918,,SAR,1121.8,1.62
173,,2021-04-26,2021-05-12,Long,1313.2,1430.1,116.89999999999986,,SAR,1475.0,12.32
174,,2017-10-23,2017-11-14,Long,1158.12,1212.0,53.88000000000011,,SAR,1300.0,12.25
175,,2017-11-14,2017-11-22,Short,1215.03,1194.27,20.75999999999999,,SAR,1155.05,4.94
176,,2021-05-12,2021-05-19,Short,1430.1,1407.79,22.309999999999945,,SAR,1354.85,5.26
177,,2017-11-22,2017-12-01,Long,1194.27,1163.79,-30.480000000000018,,SAR,1219.8,2.14
178,,2017-12-01,2017-12-14,Short,1163.79,1145.39,18.399999999999864,,SAR,1090.0,6.34
179,,2017-12-14,2017-12-18,Long,1145.39,1107.46,-37.930000000000064,,SAR,1153.9,0.74
180,,2021-05-19,2021-05-24,Long,1407.79,1351.48,-56.309999999999945,,TSL,1389.0,-1.33
181,,2017-12-18,2017-12-26,Short,1107.46,1148.22,-40.75999999999999,,SAR,1103.65,0.34
182,,2017-12-26,2018-01-12,Long,1148.22,1223.14,74.92000000000007,,SAR,1399.25,21.86
183,,2021-05-25,2021-06-09,Long,1380.0,1485.99,105.99000000000001,,SAR,1530.95,10.94
184,,2018-01-12,2018-01-15,Short,1223.14,1256.44,-33.299999999999955,,SAR,1221.65,0.12
185,,2018-01-15,2018-01-18,Long,1256.44,1216.71,-39.73000000000002,,SAR,1261.1,0.37
186,,2018-01-18,2018-02-15,Short,1216.71,1143.62,73.09000000000015,,SAR,1027.2,15.58
187,,2021-06-09,2021-06-15,Short,1485.99,1507.42,-21.430000000000064,,SAR,1457.2,1.94
188,,2018-02-15,2018-02-15,Long,1143.62,1130.0,-13.61999999999989,,SAR,1144.0,0.03
189,,2018-02-16,2018-02-23,Short,1109.8,1129.84,-20.039999999999964,,SAR,1081.65,2.54
190,,2021-06-15,2021-06-18,Long,1507.42,1447.12,-60.30000000000018,,TSL,1501.55,-0.39
191,,2018-02-23,2018-03-05,Long,1129.84,1141.17,11.330000000000155,,SAR,1201.65,6.36
192,,2018-03-05,2018-04-06,Short,1141.17,1100.14,41.02999999999997,,SAR,1040.65,8.81
193,,2021-06-21,2021-07-08,Long,1461.3,1474.8,13.5,,SAR,1547.0,5.86
194,,2018-04-06,2018-04-06,Long,1100.14,1092.0,-8.1400000000001,,SAR,0.0,-100.0
195,,2018-04-09,2018-04-16,Short,1093.0,1092.72,0.2799999999999727,,SAR,1056.95,3.3
196,,2021-07-08,2021-07-08,Short,1474.8,1496.8,-22.0,,SAR,inf,-inf
197,,2018-04-16,2018-04-24,Long,1092.72,1081.92,-10.799999999999955,,SAR,1115.0,2.04
198,,2018-04-24,2018-05-11,Short,1081.92,1105.9,-23.980000000000018,,SAR,1049.0,3.04
199,,2018-05-11,2018-05-16,Long,1105.9,1080.1,-25.800000000000182,,SAR,1108.85,0.27
200,,2021-07-09,2021-07-20,Long,1475.0,1541.68,66.68000000000006,,SAR,1587.55,7.63
201,,2018-05-16,2018-05-28,Short,1082.12,1057.82,24.299999999999955,,SAR,995.5,8.0
202,,2018-05-28,2018-06-04,Long,1057.82,1015.51,-42.309999999999945,,TSL,1093.6,3.38
203,,2021-07-20,2021-07-20,Short,1541.68,1558.2,-16.519999999999982,,SAR,inf,-inf
204,,2018-06-05,2018-06-07,Short,1018.41,1045.2,-26.790000000000077,,SAR,1012.45,0.59
205,,2018-06-07,2018-06-08,Long,1045.2,1040.0,-5.2000000000000455,,SAR,1599.5,53.03
206,,2021-07-22,2021-07-26,Long,1595.0,1543.21,-51.789999999999964,,SAR,1588.95,-0.38
207,,2018-06-08,2018-06-11,Short,1040.0,1054.04,-14.039999999999964,,SAR,1026.8,1.27
208,,2018-06-11,2018-06-18,Long,1054.04,1018.31,-35.73000000000002,,SAR,1060.0,0.57
209,,2018-06-18,2018-06-26,Short,1018.31,1027.47,-9.160000000000082,,SAR,991.9,2.59
210,,2021-07-26,2021-07-26,Short,1543.21,1549.5,-6.289999999999964,,SAR,inf,-inf
211,,2018-06-26,2018-06-28,Long,1027.47,996.48,-30.99000000000001,,SAR,1039.9,1.21
212,,2018-06-28,2018-07-10,Short,996.48,996.48,0.0,,BEP,952.05,4.46
213,,2021-07-27,2021-07-27,Long,1551.2,1520.18,-31.019999999999982,,TSL,0.0,-100.0
214,,2018-07-10,2018-07-11,Long,998.44,974.21,-24.230000000000018,,SAR,999.0,0.06
215,,2018-07-11,2018-07-23,Short,974.21,953.04,21.170000000000073,,SAR,914.2,6.16
216,,2021-07-27,2021-07-30,Short,1534.01,1565.75,-31.74000000000001,,SAR,1486.0,3.13
217,,2018-07-23,2018-07-23,Long,953.04,939.0,-14.039999999999964,,SAR,955.0,0.21
218,,2018-07-23,2018-07-24,Short,926.39,944.92,-18.529999999999973,,TSL,916.0,1.12
219,,2021-07-30,2021-08-10,Long,1565.75,1503.51,-62.24000000000001,,SAR,1614.2,3.09
220,,2018-07-24,2018-08-02,Long,948.49,1010.59,62.10000000000002,,SAR,1040.5,9.7
221,,2018-08-02,2018-08-16,Short,1010.59,996.72,13.870000000000005,,SAR,957.55,5.25
222,,2021-08-10,2021-08-11,Short,1503.51,1484.0,19.50999999999999,,SAR,1480.0,1.56
223,,2018-08-16,2018-08-31,Long,996.72,1061.38,64.66000000000008,,SAR,1093.0,9.66
224,,2018-08-31,2018-09-04,Short,1061.38,1062.0,-0.6199999999998909,,SAR,1017.3,4.15
225,,2021-08-11,2021-08-17,Long,1484.0,1477.38,-6.619999999999891,,SAR,1532.45,3.26
226,,2018-09-05,2018-09-14,Short,1023.85,1041.21,-17.360000000000014,,SAR,993.8,2.94
227,,2018-09-14,2018-09-21,Long,1041.21,999.56,-41.65000000000009,,TSL,1082.0,3.92
228,,2021-08-17,2021-08-18,Short,1477.38,1482.2,-4.819999999999936,,SAR,1003.4,32.08
229,,2018-09-28,2018-11-09,Short,1009.26,861.88,147.38,,SAR,756.0,25.09
230,,2018-11-09,2018-11-15,Long,861.88,852.19,-9.68999999999994,,SAR,1508.8,75.06
231,,2021-08-18,2021-08-23,Long,1482.2,1466.19,-16.00999999999999,,SAR,1503.3,1.42
232,,2018-11-15,2018-11-19,Short,852.19,852.19,0.0,,BEP,810.0,4.95
233,,2018-11-21,2018-11-28,Long,857.89,834.92,-22.970000000000027,,SAR,868.25,1.21
234,,2021-08-23,2021-08-24,Short,1466.19,1444.0,22.190000000000055,,SAR,1440.65,1.74
235,,2018-11-28,2018-11-30,Short,834.92,868.32,-33.40000000000009,,TSL,834.0,0.11
236,,2018-11-30,2018-12-05,Long,869.21,834.44,-34.76999999999998,,TSL,1462.0,68.2
237,,2021-08-24,2021-10-04,Long,1444.0,1652.0,208.0,,SAR,1694.3,17.33
238,,2018-12-05,2018-12-12,Short,832.39,810.32,22.069999999999936,,SAR,775.0,6.89
239,,2018-12-12,2018-12-20,Long,810.32,837.84,27.519999999999982,,SAR,876.0,8.11
240,,2021-10-04,2021-10-04,Short,1652.76,1652.0,0.7599999999999909,,SAR,826.3,50.0
241,,2018-12-20,2018-12-28,Short,837.84,827.44,10.399999999999977,,SAR,795.1,5.1
242,,2018-12-28,2019-01-03,Long,827.44,805.61,-21.83000000000004,,SAR,1713.25,107.05
243,,2021-10-13,2021-10-25,Long,1668.27,1675.58,7.309999999999945,,SAR,1798.4,7.8
244,,2019-01-03,2019-01-08,Short,805.61,837.83,-32.22000000000003,,TSL,793.0,1.57
245,,2019-01-22,2019-02-07,Short,805.56,740.84,64.71999999999991,,SAR,698.0,13.35
246,,2021-10-25,2021-10-25,Short,1675.58,1700.0,-24.420000000000073,,SAR,inf,-inf
247,,2019-02-07,2019-02-08,Long,740.84,711.21,-29.629999999999995,,TSL,764.05,3.13
248,,2019-02-15,2019-02-20,Short,709.98,726.09,-16.110000000000014,,SAR,689.1,2.94
249,,2021-10-26,2021-10-28,Long,1717.0,1693.54,-23.460000000000036,,SAR,1754.65,2.19
250,,2019-02-20,2019-02-21,Long,726.09,726.3,0.2099999999999227,,SAR,751.65,3.52
251,,2021-10-28,2021-11-01,Short,1693.54,1756.79,-63.25,,SAR,725.05,57.19
252,,2019-02-21,2019-02-22,Short,726.3,755.35,-29.050000000000068,,TSL,742.05,-2.17
253,,2019-02-25,2019-02-27,Short,762.0,792.48,-30.480000000000018,,TSL,750.0,1.57
254,,2021-11-01,2021-11-16,Long,1756.79,1825.91,69.12000000000012,,SAR,1893.0,7.75
255,,2019-02-28,2019-03-01,Short,788.9,790.22,-1.32000000000005,,SAR,778.05,1.38
256,,2019-03-01,2019-03-18,Long,790.22,814.92,24.699999999999932,,SAR,845.8,7.03
257,,2021-11-16,2021-11-17,Short,1825.91,1825.3,0.6100000000001273,,SAR,1786.65,2.15
258,,2019-03-18,2019-03-26,Short,814.92,828.3,-13.379999999999995,,SAR,806.1,1.08
259,,2019-03-26,2019-04-03,Long,828.3,828.3,0.0,,BEP,871.0,5.16
260,,2021-11-17,2021-11-22,Long,1825.3,1752.29,-73.00999999999999,,TSL,1811.95,-0.73
261,,2019-04-12,2019-04-15,Long,857.44,853.5,-3.9400000000000546,,SAR,1804.5,110.45
262,,2021-11-23,2021-11-24,Long,1779.0,1756.76,-22.24000000000001,,SAR,1793.95,0.84
263,,2019-04-15,2019-04-15,Short,853.5,857.44,-3.9400000000000546,,SAR,inf,-inf
264,,2019-04-15,2019-04-16,Long,857.44,869.9,12.459999999999923,,SAR,885.0,3.21
265,,2021-11-24,2021-11-26,Short,1756.76,1757.3,-0.5399999999999636,,SAR,1679.0,4.43
266,,2019-04-16,2021-11-29,Short,869.9,1680.0,-810.1,,SAR,866.05,0.44
267,,2019-04-16,2019-04-18,Long,869.9,887.4,17.5,,SAR,887.9,2.07
268,,2019-04-18,2019-04-25,Short,887.4,887.4,0.0,,BEP,849.6,4.26
269,,2021-11-30,2021-12-01,Short,1680.0,1667.0,13.0,,SAR,1653.35,1.59
270,,2019-04-25,2019-05-02,Long,892.39,892.39,0.0,,BEP,934.0,4.66
271,,2019-05-10,2019-05-20,Short,855.26,854.01,1.25,,SAR,804.85,5.89
272,,2021-12-01,2021-12-06,Long,1667.0,1667.0,0.0,,BEP,1750.05,4.98
273,,2019-05-20,2019-05-21,Long,854.01,902.7,48.690000000000055,,SAR,902.7,5.7
274,,2019-05-21,2019-05-23,Short,902.7,899.2,3.5,,SAR,849.0,5.95
275,,2021-12-08,2021-12-17,Long,1741.09,1687.36,-53.73000000000002,,SAR,1769.7,1.64
276,,2019-05-23,2019-05-27,Long,899.2,899.2,0.0,,BEP,959.8,6.74
277,,2021-12-17,2021-12-31,Short,1687.36,1638.17,49.18999999999983,,SAR,878.8,47.92
278,,2019-05-31,2019-06-13,Short,901.39,899.0,2.3899999999999864,,SAR,852.35,5.44
279,,2019-06-13,2019-06-17,Long,899.0,879.42,-19.58000000000004,,SAR,1644.0,82.87
280,,2021-12-31,2022-01-19,Long,1638.17,1838.28,200.1099999999999,,SAR,1929.8,17.8
281,,2019-06-17,2019-06-26,Short,879.42,909.81,-30.389999999999986,,SAR,866.0,1.53
282,,2019-06-26,2019-07-08,Long,909.81,910.6,0.7900000000000773,,SAR,949.5,4.36
283,,2022-01-19,2022-01-20,Short,1838.28,1817.0,21.279999999999973,,SAR,1813.6,1.34
284,,2019-07-08,2019-07-16,Short,910.6,928.44,-17.840000000000032,,SAR,877.95,3.59
285,,2019-07-16,2019-07-18,Long,928.44,906.89,-21.550000000000068,,SAR,939.0,1.14
286,,2022-01-20,2022-01-21,Long,1817.0,1788.43,-28.569999999999936,,SAR,1829.0,0.66
287,,2019-07-18,2019-08-16,Short,906.89,753.97,152.91999999999996,,SAR,705.7,22.18
288,,2019-08-16,2019-08-16,Long,753.97,723.81,-30.160000000000082,,TSL,757.35,0.45
289,,2022-01-21,2022-01-24,Short,1788.43,1791.8,-3.369999999999891,,SAR,1684.0,5.84
290,,2019-08-21,2019-08-23,Short,702.55,730.65,-28.100000000000023,,TSL,680.05,3.2
291,,2022-01-25,2022-01-27,Long,1668.6,1673.79,5.190000000000055,,SAR,1726.2,3.45
292,,2019-09-03,2019-09-12,Short,701.76,718.06,-16.299999999999955,,SAR,688.5,1.89
293,,2019-09-12,2019-09-20,Long,718.06,699.0,-19.059999999999945,,SAR,765.0,6.54
294,,2022-01-27,2022-01-27,Short,1673.79,1697.1,-23.309999999999945,,SAR,inf,-inf
295,,2019-09-23,2019-09-25,Long,760.95,730.51,-30.440000000000055,,TSL,786.0,3.29
296,,2019-09-30,2019-10-10,Short,716.91,716.91,0.0,,BEP,633.6,11.62
297,,2022-01-27,2022-02-07,Long,1697.1,1715.37,18.269999999999982,,SAR,1790.0,5.47
298,,2019-10-11,2019-10-14,Short,696.1,703.57,-7.470000000000027,,SAR,688.0,1.16
299,,2019-10-14,2019-10-24,Long,703.57,717.3,13.729999999999905,,SAR,772.0,9.73
300,,2022-02-07,2022-02-10,Short,1715.37,1752.65,-37.2800000000002,,SAR,1685.4,1.75
301,,2019-10-24,2019-10-29,Short,717.3,717.05,0.25,,SAR,663.45,7.51
302,,2022-02-10,2022-02-14,Long,1752.65,1682.54,-70.11000000000013,,TSL,1760.0,0.42
303,,2019-10-29,2019-11-11,Long,717.05,760.91,43.860000000000014,,SAR,798.0,11.29
304,,2019-11-11,2019-11-15,Short,760.91,760.91,0.0,,BEP,712.0,6.43
305,,2022-02-15,2022-02-21,Long,1659.3,1694.14,34.840000000000146,,SAR,1751.8,5.57
306,,2019-11-18,2019-11-19,Long,785.63,775.0,-10.629999999999995,,SAR,793.5,1.0
307,,2019-11-19,2019-11-25,Short,775.0,797.55,-22.549999999999955,,SAR,770.25,0.61
308,,2022-02-21,2022-03-16,Short,1694.14,1593.28,100.86000000000013,,SAR,1407.2,16.94
309,,2019-11-25,2019-11-26,Long,797.55,822.9,25.350000000000023,,SAR,825.25,3.47
310,,2022-03-16,2022-03-22,Long,1593.28,1548.61,-44.67000000000007,,SAR,1656.75,3.98
311,,2019-11-26,2019-12-02,Short,822.9,810.0,12.899999999999977,,SAR,783.05,4.84
312,,2019-12-02,2019-12-03,Long,808.15,779.18,-28.970000000000027,,SAR,822.0,1.71
313,,2022-03-22,2022-03-22,Short,1548.61,1569.45,-20.840000000000146,,SAR,779.05,49.69
314,,2019-12-03,2019-12-12,Short,779.18,777.9,1.2799999999999727,,SAR,759.5,2.53
315,,2019-12-12,2019-12-17,Long,777.9,759.73,-18.16999999999996,,SAR,1595.0,105.04
316,,2022-03-23,2022-04-18,Long,1594.5,1737.94,143.44000000000005,,SAR,1830.9,14.83
317,,2019-12-17,2020-01-01,Short,759.73,747.15,12.580000000000041,,SAR,732.8,3.54
318,,2022-04-18,2022-04-29,Short,1737.94,1735.18,2.759999999999991,,SAR,1677.0,3.51
319,,2020-01-01,2020-01-01,Long,747.15,746.8,-0.35000000000002274,,SAR,0.0,-100.0
320,,2020-01-02,2020-01-02,Short,742.0,751.09,-9.090000000000032,,SAR,741.0,0.13
321,,2022-04-29,2022-05-02,Long,1735.18,1676.0,-59.180000000000064,,SAR,1688.95,-2.66
322,,2020-01-02,2020-01-06,Long,751.09,735.08,-16.00999999999999,,SAR,769.95,2.51
323,,2022-05-02,2022-05-02,Short,1683.2,1676.0,7.2000000000000455,,SAR,735.0,56.33
324,,2020-01-06,2020-01-10,Short,735.08,764.48,-29.399999999999977,,TSL,733.6,0.2
325,,2020-01-13,2020-01-15,Long,764.87,748.69,-16.17999999999995,,SAR,769.0,0.54
326,,2022-05-04,2022-05-05,Long,1680.1,1612.9,-67.19999999999982,,TSL,1644.9,-2.1
327,,2020-01-15,2020-01-15,Short,748.69,763.66,-14.969999999999914,,TSL,747.5,0.16
328,,2020-01-15,2020-01-17,Long,764.87,715.0,-49.870000000000005,,SAR,772.0,0.93
329,,2022-05-06,2022-05-11,Long,1590.4,1526.78,-63.62000000000012,,TSL,1575.85,-0.91
330,,2020-01-17,2020-01-17,Short,748.69,748.69,0.0,,BEP,711.0,5.03
331,,2022-05-12,2022-05-12,Long,1527.0,1465.92,-61.07999999999993,,TSL,0.0,-100.0
332,,2020-01-20,2020-02-01,Long,774.06,774.06,0.0,,BEP,836.9,8.12
333,,2022-05-13,2022-05-16,Long,1503.6,1443.46,-60.13999999999987,,TSL,1517.95,0.95
334,,2020-02-01,2020-02-04,Short,763.93,794.49,-30.56000000000006,,TSL,750.25,1.79
335,,2020-02-13,2020-02-14,Short,749.97,766.89,-16.91999999999996,,SAR,737.1,1.72
336,,2022-05-17,2022-05-23,Long,1456.0,1456.0,0.0,,BEP,1522.0,4.53
337,,2020-02-14,2020-02-14,Long,766.89,754.5,-12.389999999999986,,SAR,0.0,-100.0
338,,2020-02-14,2020-02-19,Short,749.97,749.97,0.0,,BEP,715.55,4.59
339,,2022-05-24,2022-05-25,Short,1443.22,1443.22,0.0,,BEP,1356.8,5.99
340,,2020-02-25,2020-02-27,Short,716.66,716.66,0.0,,BEP,686.0,4.28
341,,2022-05-26,2022-06-03,Long,1392.0,1414.31,22.309999999999945,,SAR,1455.25,4.54
342,,2020-02-28,2020-03-02,Short,695.77,701.0,-5.230000000000018,,SAR,657.3,5.53
343,,2020-03-03,2020-03-03,Short,671.0,697.84,-26.840000000000032,,TSL,1330.05,-98.22
344,,2022-06-03,2022-06-06,Short,1414.31,1334.0,80.30999999999995,,SAR,1310.0,7.38
345,,2020-03-06,2020-03-30,Short,661.77,476.11,185.65999999999997,,SAR,385.05,41.82
346,,2022-06-06,2022-06-09,Long,1334.0,1313.38,-20.61999999999989,,SAR,1355.0,1.57
347,,2020-03-30,2020-03-30,Long,476.11,448.0,-28.110000000000014,,SAR,0.0,-100.0
348,,2020-03-31,2020-03-31,Short,463.4,472.67,-9.270000000000039,,TSL,453.6,2.11
349,,2022-06-09,2022-06-15,Short,1313.38,1339.77,-26.389999999999873,,SAR,1285.65,2.11
350,,2020-03-31,2020-04-01,Long,476.11,457.07,-19.04000000000002,,TSL,1341.0,181.66
351,,2022-06-15,2022-06-16,Long,1339.77,1286.18,-53.58999999999992,,TSL,1347.9,0.61
352,,2020-04-07,2020-04-20,Long,480.91,530.05,49.13999999999993,,SAR,572.85,19.12
353,,2020-04-20,2020-05-11,Short,530.05,509.95,20.099999999999966,,SAR,469.2,11.48
354,,2022-06-27,2022-08-16,Long,1347.44,1584.05,236.6099999999999,,SAR,1653.0,22.68
355,,2020-05-11,2020-05-11,Long,509.95,489.2,-20.75,,SAR,512.5,0.5
356,,2022-08-16,2022-08-16,Short,1584.05,1631.5,-47.450000000000045,,SAR,492.1,68.93
357,,2020-05-12,2020-05-13,Short,502.7,550.0,-47.30000000000001,,SAR,519.05,-3.25
358,,2020-05-14,2020-05-19,Short,518.0,518.0,0.0,,BEP,494.1,4.61
359,,2022-08-16,2022-08-22,Long,1627.01,1575.63,-51.37999999999988,,SAR,1638.95,0.73
360,,2020-05-26,2020-05-27,Long,542.22,535.0,-7.220000000000027,,SAR,569.6,5.05
361,,2022-08-22,2022-08-23,Short,1575.63,1558.0,17.63000000000011,,SAR,1546.95,1.82
362,,2020-05-28,2020-06-11,Long,568.0,605.78,37.77999999999997,,SAR,644.4,13.45
363,,2020-06-11,2020-06-12,Short,605.78,605.78,0.0,,BEP,568.2,6.2
364,,2022-08-23,2022-09-16,Long,1558.0,1764.97,206.97000000000003,,SAR,1816.25,16.58
365,,2020-06-15,2020-06-18,Short,584.69,594.99,-10.299999999999955,,SAR,578.3,1.09
366,,2022-09-16,2022-10-06,Short,1764.97,1692.35,72.62000000000012,,SAR,1628.05,7.76
367,,2020-06-18,2020-06-22,Long,594.99,594.99,0.0,,BEP,628.85,5.69
368,,2020-06-29,2020-06-30,Short,601.38,625.44,-24.06000000000006,,TSL,598.5,0.48
369,,2022-10-06,2022-10-10,Long,1691.6,1666.27,-25.329999999999927,,SAR,1702.9,0.67
370,,2020-06-30,2020-06-30,Long,628.57,625.25,-3.32000000000005,,SAR,628.75,0.03
371,,2022-10-10,2022-10-14,Short,1666.27,1714.88,-48.61000000000013,,SAR,612.15,63.26
372,,2020-07-01,2020-07-02,Short,619.8,625.9,-6.100000000000023,,SAR,614.95,0.78
373,,2020-07-02,2020-07-02,Long,625.9,614.95,-10.949999999999932,,SAR,631.55,0.9
374,,2022-10-14,2022-11-10,Long,1714.88,1728.19,13.309999999999945,,SAR,1795.1,4.68
375,,2020-07-02,2020-07-06,Short,614.95,639.55,-24.59999999999991,,TSL,613.5,0.24
376,,2022-11-10,2020-07-22,Short,1728.19,609.18,1119.0100000000002,,SAR,580.0,66.44
377,,2022-11-30,2022-12-09,Long,1752.5,1790.12,37.61999999999989,,SAR,1839.5,4.96
378,,2020-07-22,2020-07-22,Long,609.18,607.0,-2.17999999999995,,SAR,0.0,-100.0
379,,2020-07-23,2020-07-29,Short,605.3,605.3,0.0,,BEP,565.0,6.66
380,,2022-12-09,2022-12-14,Short,1790.12,1833.45,-43.330000000000155,,SAR,1776.05,0.79
381,,2020-07-30,2020-07-31,Short,614.15,622.46,-8.31000000000006,,SAR,601.15,2.12
382,,2022-12-14,2022-12-15,Long,1833.45,1792.69,-40.75999999999999,,SAR,1825.3,-0.44
383,,2020-07-31,2020-08-12,Long,622.46,618.4,-4.060000000000059,,SAR,646.5,3.86
384,,2022-12-15,2022-12-28,Short,1792.69,1762.3,30.3900000000001,,SAR,615.1,65.69
385,,2020-08-12,2020-08-18,Short,618.4,638.17,-19.769999999999982,,SAR,610.7,1.25
386,,2020-08-18,2020-08-26,Long,638.17,664.83,26.660000000000082,,SAR,1768.1,177.06
387,,2022-12-28,2023-01-04,Long,1762.3,1706.27,-56.02999999999997,,SAR,1771.45,0.52
388,,2020-08-26,2020-08-27,Short,664.83,680.49,-15.659999999999968,,SAR,667.0,-0.33
389,,2023-01-04,2023-01-04,Short,1706.27,1722.4,-16.13000000000011,,SAR,inf,-inf
390,,2020-08-27,2020-08-31,Long,680.49,680.49,0.0,,BEP,717.5,5.44
391,,2020-09-01,2020-09-01,Short,660.53,686.95,-26.420000000000073,,TSL,651.05,1.44
392,,2023-01-05,2023-01-06,Long,1698.8,1673.4,-25.399999999999864,,SAR,1699.65,0.05
393,,2020-09-02,2020-09-03,Short,668.1,691.4,-23.299999999999955,,SAR,681.6,-2.02
394,,2023-01-06,2023-01-18,Short,1673.4,1671.65,1.75,,SAR,1628.1,2.71
395,,2020-09-03,2020-09-08,Long,691.4,691.4,0.0,,BEP,724.0,4.72
396,,2023-01-18,2023-01-24,Long,1671.65,1604.78,-66.87000000000012,,TSL,1693.0,1.28
397,,2020-09-09,2020-09-10,Short,671.67,698.54,-26.870000000000005,,TSL,681.3,-1.43
398,,2020-09-16,2020-09-23,Long,728.16,709.68,-18.480000000000018,,SAR,1610.95,121.24
399,,2023-01-25,2023-02-14,Long,1603.2,1600.14,-3.0599999999999454,,SAR,1662.0,3.67
400,,2020-09-23,2020-09-24,Short,709.68,709.68,0.0,,BEP,675.5,4.82
401,,2023-02-14,2023-02-15,Short,1600.14,1604.7,-4.559999999999945,,SAR,683.0,57.32
402,,2020-09-25,2020-09-25,Short,683.0,710.32,-27.32000000000005,,TSL,inf,-inf
403,,2023-02-15,2023-02-22,Long,1604.7,1615.68,10.980000000000018,,SAR,1668.8,3.99
404,,2020-09-29,2020-09-29,Long,736.39,736.0,-0.38999999999998636,,SAR,0.0,-100.0
405,,2020-09-30,2020-09-30,Short,721.45,735.88,-14.42999999999995,,TSL,1570.6,-117.7
406,,2023-02-22,2023-02-22,Short,1615.68,1634.25,-18.569999999999936,,SAR,inf,-inf
407,,2020-09-30,2020-10-09,Long,741.54,742.65,1.1100000000000136,,SAR,774.7,4.47
408,,2023-02-27,2023-03-01,Short,1558.41,1596.15,-37.74000000000001,,SAR,742.25,52.37
409,,2020-10-09,2020-10-16,Short,742.65,771.24,-28.590000000000032,,SAR,733.45,1.24
410,,2020-10-16,2020-10-26,Long,771.24,771.24,0.0,,BEP,1598.0,107.2
411,,2023-03-01,2023-03-13,Long,1596.15,1580.29,-15.860000000000127,,SAR,1618.15,1.38
412,,2020-10-27,2020-11-05,Short,774.0,799.06,-25.059999999999945,,SAR,765.25,1.13
413,,2023-03-13,2023-03-14,Short,1580.29,1569.85,10.440000000000055,,SAR,1541.3,2.47
414,,2020-11-05,2020-12-21,Long,799.06,893.23,94.17000000000007,,SAR,954.0,19.39
415,,2020-12-21,2020-12-28,Short,893.23,911.02,-17.789999999999964,,SAR,863.35,3.35
416,,2023-03-14,2023-04-19,Long,1569.85,1684.09,114.24000000000001,,SAR,1741.3,10.92
417,,2020-12-28,2021-01-18,Long,911.02,1010.05,99.02999999999997,,SAR,1041.0,14.27
418,,2023-04-19,2023-04-20,Short,1684.09,1698.3,-14.210000000000036,,SAR,990.85,41.16
419,,2021-01-18,2021-01-19,Short,1010.05,1043.38,-33.330000000000155,,SAR,1002.0,0.8
420,,2021-01-19,2021-01-22,Long,1043.38,1001.64,-41.74000000000012,,TSL,1052.5,0.87
421,,2023-04-20,2023-05-15,Long,1698.3,1747.25,48.950000000000045,,SAR,1788.25,5.3
422,,2021-01-25,2021-01-25,Short,1025.0,1066.0,-41.0,,TSL,1730.2,-68.8
423,,2023-05-15,2023-05-15,Short,1747.25,1754.0,-6.75,,SAR,inf,-inf
424,,2021-01-29,2021-01-29,Long,1080.45,1058.84,-21.610000000000127,,TSL,0.0,-100.0
425,,2023-05-16,2023-05-23,Long,1735.65,1688.64,-47.00999999999999,,SAR,1745.05,0.54
426,,2021-01-29,2021-02-01,Short,1050.93,1071.95,-21.019999999999982,,TSL,1047.35,0.34
427,,2021-02-01,2021-02-18,Long,1078.07,1215.67,137.60000000000014,,SAR,1258.6,16.75
428,,2023-05-23,2023-05-30,Short,1688.64,1718.36,-29.7199999999998,,SAR,1667.0,1.28
429,,2021-02-18,2021-02-25,Short,1215.67,1264.3,-48.62999999999988,,TSL,1210.0,0.47
430,,2023-05-30,2023-06-19,Long,1718.36,1754.78,36.42000000000007,,SAR,1799.9,4.75
431,,2021-02-26,2021-03-01,Short,1205.82,1254.05,-48.23000000000002,,TSL,1202.2,0.3
432,,2021-03-02,2021-03-17,Long,1283.15,1365.7,82.54999999999995,,SAR,1408.0,9.73
433,,2023-06-19,2023-07-03,Short,1754.78,1760.53,-5.75,,SAR,1696.0,3.35
434,,2021-03-17,2021-03-18,Short,1365.7,1398.35,-32.649999999999864,,SAR,1361.3,0.32
435,,2023-07-03,2023-07-07,Long,1760.53,1751.85,-8.680000000000064,,SAR,1805.0,2.53
436,,2021-03-18,2021-04-12,Long,1398.35,1417.95,19.600000000000136,,SAR,1472.7,5.32
437,,2023-07-07,2023-07-10,Short,1751.85,1754.85,-3.0,,SAR,1367.55,21.94
438,,2021-04-12,2021-04-20,Short,1418.22,1366.73,51.49000000000001,,SAR,1281.6,9.63
439,,2021-04-20,2021-04-20,Long,1366.73,1339.4,-27.329999999999927,,TSL,1373.35,0.48
440,,2023-07-10,2023-08-03,Long,1754.85,1804.28,49.430000000000064,,SAR,1855.0,5.71
441,,2021-04-20,2021-04-26,Short,1335.76,1313.2,22.559999999999945,,SAR,1262.0,5.52
442,,2023-08-03,2023-08-03,Short,1804.28,1808.0,-3.7200000000000273,,SAR,inf,-inf
443,,2021-04-26,2021-05-12,Long,1313.2,1430.1,116.89999999999986,,SAR,1475.0,12.32
444,,2023-08-04,2023-08-10,Long,1830.55,1826.01,-4.539999999999964,,SAR,1868.4,2.07
445,,2021-05-12,2021-05-19,Short,1430.1,1407.79,22.309999999999945,,SAR,1354.85,5.26
446,,2021-05-19,2021-05-24,Long,1407.79,1353.33,-54.460000000000036,,SAR,1421.9,1.0
447,,2023-08-10,2023-09-01,Short,1826.01,1824.72,1.2899999999999636,,SAR,1758.05,3.72
448,,2021-05-24,2021-05-26,Short,1353.33,1407.46,-54.13000000000011,,TSL,1350.6,0.2
449,,2023-09-01,2023-09-21,Long,1824.72,1912.28,87.55999999999995,,SAR,1988.1,8.95
450,,2021-06-04,2021-06-07,Long,1485.91,1518.6,32.68999999999983,,SAR,1530.95,3.03
451,,2021-06-07,2021-06-09,Short,1518.6,1518.28,0.31999999999993634,,SAR,1485.0,2.21
452,,2023-09-21,2023-09-21,Short,1912.28,1932.1,-19.819999999999936,,SAR,inf,-inf
453,,2021-06-09,2021-06-09,Long,1518.28,1487.92,-30.3599999999999,,TSL,1928.95,27.05
454,,2023-09-22,2023-10-04,Long,1906.7,1887.43,-19.269999999999982,,SAR,1966.85,3.15
455,,2021-06-09,2021-06-15,Short,1485.99,1507.42,-21.430000000000064,,SAR,1457.2,1.94
456,,2023-10-04,2023-10-05,Short,1887.43,1897.1,-9.669999999999845,,SAR,1877.05,0.55
457,,2021-06-15,2021-06-16,Long,1507.42,1475.69,-31.730000000000018,,SAR,1501.55,-0.39
458,,2021-06-16,2021-06-22,Short,1475.69,1510.2,-34.50999999999999,,SAR,1420.05,3.77
459,,2023-10-05,2023-10-18,Long,1897.1,1953.96,56.86000000000013,,SAR,2022.0,6.58
460,,2021-06-22,2021-06-22,Long,1510.2,1500.0,-10.200000000000045,,SAR,1520.8,0.7
461,,2023-10-18,2023-11-03,Short,1953.96,1905.57,48.3900000000001,,SAR,1828.05,6.44
462,,2021-06-23,2021-06-23,Short,1500.0,1511.62,-11.61999999999989,,SAR,1484.0,1.07
463,,2023-11-03,2023-12-13,Long,1905.57,2049.35,143.77999999999997,,SAR,2129.0,11.73
464,,2021-06-23,2021-07-08,Long,1511.62,1474.8,-36.819999999999936,,SAR,1547.0,2.34
465,,2021-07-08,2021-07-12,Short,1474.8,1512.22,-37.42000000000007,,SAR,1461.0,0.94
466,,2023-12-13,2023-12-13,Short,2049.35,2080.9,-31.550000000000182,,SAR,inf,-inf
467,,2021-07-12,2021-07-13,Long,1512.22,1540.0,27.779999999999973,,SAR,2111.95,39.66
468,,2023-12-14,2023-12-20,Long,2094.95,2088.65,-6.299999999999727,,SAR,2137.8,2.05
469,,2021-07-13,2021-07-13,Short,1540.0,1570.8,-30.799999999999955,,TSL,inf,-inf
470,,2023-12-20,2023-12-27,Short,2088.65,2106.46,-17.809999999999945,,SAR,2034.9,2.57
471,,2021-07-13,2021-07-14,Long,1540.0,1575.5,35.5,,SAR,1580.0,2.6
472,,2021-07-14,2021-07-22,Short,1575.5,1595.0,-19.5,,SAR,1538.9,2.32
473,,2023-12-27,2024-01-10,Long,2106.46,2049.5,-56.960000000000036,,SAR,2175.0,3.25
474,,2021-07-22,2021-07-22,Long,1588.02,1595.0,6.980000000000018,,SAR,1599.5,0.72
475,,2024-01-10,2024-01-12,Short,2049.5,2100.3,-50.80000000000018,,SAR,1545.15,24.61
476,,2021-07-23,2021-07-30,Short,1580.0,1565.75,14.25,,SAR,1486.0,5.95
477,,2021-07-30,2021-08-10,Long,1565.75,1503.51,-62.24000000000001,,SAR,2120.9,35.46
478,,2024-01-12,2024-01-17,Long,2100.3,2079.99,-20.3100000000004,,SAR,2122.95,1.08
479,,2021-08-10,2021-08-13,Short,1503.51,1517.42,-13.910000000000082,,SAR,1480.0,1.56
480,,2024-01-17,2024-01-30,Short,2079.99,2136.35,-56.36000000000013,,SAR,2016.55,3.05
481,,2021-08-13,2021-08-17,Long,1517.42,1477.38,-40.039999999999964,,SAR,1532.45,0.99
482,,2024-01-30,2024-02-05,Long,2136.35,2107.31,-29.039999999999964,,SAR,2182.05,2.14
483,,2021-08-17,2021-08-30,Short,1477.38,1474.75,2.630000000000109,,SAR,1430.05,3.2
484,,2021-08-30,2021-10-04,Long,1474.75,1652.0,177.25,,SAR,1694.3,14.89
485,,2024-02-05,2024-02-09,Short,2107.31,2132.61,-25.300000000000182,,SAR,2046.9,2.87
486,,2021-10-04,2021-10-13,Short,1652.76,1668.27,-15.509999999999991,,SAR,1590.0,3.8
487,,2024-02-09,2024-02-14,Long,2132.61,2047.31,-85.30000000000018,,TSL,2199.0,3.11
488,,2021-10-13,2021-10-25,Long,1668.27,1675.58,7.309999999999945,,SAR,1798.4,7.8
489,,2024-02-14,2024-02-14,Short,2036.73,2054.0,-17.269999999999982,,SAR,1669.15,18.05
490,,2021-10-25,2021-10-26,Short,1675.58,1742.6,-67.01999999999998,,TSL,1704.25,-1.71
491,,2021-10-26,2021-10-28,Long,1763.26,1693.54,-69.72000000000003,,SAR,2103.65,19.3
492,,2024-02-15,2024-02-29,Long,2085.7,2165.03,79.33000000000038,,SAR,2244.0,7.59
493,,2021-10-28,2021-11-01,Short,1693.54,1761.28,-67.74000000000001,,TSL,1675.45,1.07
494,,2024-02-29,2024-02-29,Short,2165.03,2186.0,-20.9699999999998,,SAR,inf,-inf
495,,2021-11-08,2021-11-16,Long,1806.89,1825.91,19.019999999999982,,SAR,1893.0,4.77
496,,2024-03-01,2024-03-07,Long,2209.0,2209.18,0.1799999999998363,,SAR,2268.95,2.71
497,,2021-11-16,2021-12-08,Short,1825.91,1741.09,84.82000000000016,,SAR,1642.7,10.03
498,,2021-12-08,2021-12-17,Long,1741.09,1687.36,-53.73000000000002,,SAR,1769.7,1.64
499,,2024-03-07,2024-03-11,Short,2209.18,2258.86,-49.68000000000029,,SAR,2225.5,-0.74
500,,2021-12-17,2021-12-31,Short,1687.36,1638.17,49.18999999999983,,SAR,1587.55,5.92
501,,2024-03-11,2024-03-12,Long,2258.86,2205.82,-53.039999999999964,,SAR,2246.95,-0.53
502,,2021-12-31,2021-12-31,Long,1638.17,1603.1,-35.070000000000164,,SAR,1644.0,0.36
503,,2024-03-12,2024-03-22,Short,2205.82,2225.13,-19.309999999999945,,SAR,2128.6,3.5
504,,2022-01-03,2022-01-04,Long,1638.17,1671.0,32.82999999999993,,SAR,1696.5,3.56
505,,2022-01-04,2022-01-05,Short,1671.0,1737.84,-66.83999999999992,,TSL,1658.0,0.78
506,,2024-03-22,2024-04-15,Long,2225.13,2225.13,0.0,,BEP,2323.75,4.43
507,,2022-01-06,2022-01-07,Short,1746.1,1764.52,-18.420000000000073,,SAR,1722.0,1.38
508,,2024-04-19,2024-04-19,Short,2215.03,2220.0,-4.9699999999998,,SAR,inf,-inf
509,,2022-01-07,2022-01-19,Long,1764.52,1838.28,73.75999999999999,,SAR,1929.8,9.37
510,,2024-04-19,2024-04-29,Long,2265.38,2314.37,48.98999999999978,,SAR,2392.8,5.62
511,,2022-01-19,2022-02-01,Short,1838.28,1738.51,99.76999999999998,,SAR,1658.05,9.8
512,,2022-02-01,2022-02-07,Long,1738.51,1715.37,-23.1400000000001,,SAR,1790.0,2.96
513,,2024-04-29,2024-04-29,Short,2314.37,2355.0,-40.63000000000011,,SAR,inf,-inf
514,,2022-02-07,2022-02-10,Short,1715.37,1752.65,-37.2800000000002,,SAR,1685.4,1.75
515,,2024-04-29,2024-05-08,Long,2391.12,2391.12,0.0,,BEP,2489.75,4.12
516,,2022-02-10,2022-02-11,Long,1752.65,1750.0,-2.650000000000091,,SAR,1771.3,1.06
517,,2024-05-16,2024-05-17,Short,2330.16,2409.05,-78.89000000000033,,SAR,1702.0,26.96
518,,2022-02-11,2022-02-17,Short,1750.0,1750.0,0.0,,BEP,1618.05,7.54
519,,2022-02-18,2022-02-21,Long,1738.51,1694.14,-44.36999999999989,,SAR,1739.9,0.08
520,,2024-05-17,2024-05-27,Long,2409.05,2412.28,3.230000000000018,,SAR,2474.8,2.73
521,,2022-02-21,2022-03-16,Short,1694.14,1593.28,100.86000000000013,,SAR,1407.2,16.94
522,,2024-05-27,2024-05-28,Short,2412.28,2398.9,13.38000000000011,,SAR,2392.7,0.81
523,,2022-03-16,2022-03-22,Long,1593.28,1548.61,-44.67000000000007,,SAR,2469.95,55.02
524,,2024-05-28,2024-05-30,Long,2398.9,2366.74,-32.16000000000031,,SAR,2460.0,2.55
525,,2022-03-22,2022-03-24,Short,1548.61,1598.33,-49.72000000000003,,SAR,1564.3,-1.01
526,,2024-05-30,2024-05-31,Short,2366.74,2342.95,23.789999999999964,,SAR,2295.95,2.99
527,,2022-03-24,2022-04-18,Long,1598.33,1737.94,139.61000000000013,,SAR,1830.9,14.55
528,,2022-04-18,2022-04-29,Short,1737.94,1735.18,2.759999999999991,,SAR,1677.0,3.51
529,,2024-05-31,2024-06-04,Long,2342.95,2293.09,-49.85999999999967,,SAR,2405.2,2.66
530,,2022-04-29,2022-04-29,Long,1735.18,1716.4,-18.779999999999973,,SAR,1738.55,0.19
531,,2024-06-04,2024-06-05,Short,2293.09,2293.09,0.0,,BEP,2182.15,4.84
532,,2022-05-02,2022-05-20,Short,1676.0,1502.22,173.77999999999997,,SAR,1437.6,14.22
533,,2024-06-06,2024-06-19,Long,2306.05,2425.65,119.59999999999991,,SAR,2523.7,9.44
534,,2022-05-20,2022-05-24,Long,1502.22,1443.22,-59.0,,SAR,1510.45,0.55
535,,2024-06-19,2024-06-20,Short,2425.65,2447.1,-21.449999999999818,,SAR,1380.0,43.11
536,,2022-05-24,2022-05-25,Short,1443.22,1443.22,0.0,,BEP,1356.8,5.99
537,,2022-05-26,2022-05-30,Short,1392.0,1447.68,-55.680000000000064,,TSL,1340.25,3.72
538,,2024-06-20,2024-07-19,Long,2447.1,2775.71,328.6100000000001,,SAR,2852.95,16.58
539,,2022-05-31,2022-06-15,Short,1448.25,1339.77,108.48000000000002,,SAR,1285.65,11.23
540,,2024-07-19,2024-07-22,Short,2775.71,2702.0,73.71000000000004,,SAR,2702.0,2.66
541,,2022-06-15,2022-06-16,Long,1339.77,1286.18,-53.58999999999992,,TSL,2822.0,110.63
542,,2024-07-22,2024-07-31,Long,2702.0,2769.57,67.57000000000016,,SAR,2877.75,6.5
543,,2022-06-16,2022-06-21,Short,1279.62,1331.0,-51.38000000000011,,SAR,1276.6,0.24
544,,2024-07-31,2024-08-01,Short,2769.57,2781.95,-12.379999999999654,,SAR,2753.6,0.58
545,,2022-06-27,2022-08-16,Long,1347.44,1584.05,236.6099999999999,,SAR,1653.0,22.68
546,,2022-08-16,2022-08-16,Short,1584.05,1631.5,-47.450000000000045,,SAR,1542.65,2.61
547,,2024-08-01,2024-08-05,Long,2781.95,2655.15,-126.79999999999973,,SAR,2757.1,-0.89
548,,2022-08-16,2022-08-22,Long,1627.01,1575.63,-51.37999999999988,,SAR,2679.4,64.68
549,,2024-08-06,2024-08-08,Long,2627.0,2586.13,-40.86999999999989,,SAR,2659.4,1.23
550,,2022-08-22,2022-08-25,Short,1575.63,1632.72,-57.08999999999992,,SAR,1546.95,1.82
551,,2024-08-08,2024-08-16,Short,2586.13,2598.48,-12.349999999999909,,SAR,2505.05,3.14
552,,2022-08-25,2022-08-25,Long,1632.72,1617.0,-15.720000000000027,,SAR,0.0,-100.0
553,,2024-08-16,2024-08-29,Long,2598.48,2672.9,74.42000000000007,,SAR,2780.9,7.02
554,,2022-08-26,2022-09-01,Short,1629.95,1692.0,-62.049999999999955,,SAR,1614.1,0.97
555,,2022-09-01,2022-09-16,Long,1692.0,1764.97,72.97000000000003,,SAR,1816.25,7.34
556,,2024-08-29,2024-09-04,Short,2672.9,2725.84,-52.940000000000055,,SAR,2675.55,-0.1
557,,2022-09-16,2022-10-06,Short,1764.97,1692.35,72.62000000000012,,SAR,1628.05,7.76
558,,2024-09-04,2024-09-20,Long,2725.84,2695.47,-30.370000000000346,,SAR,2819.05,3.42
559,,2022-10-06,2022-10-06,Long,1691.6,1692.35,0.75,,SAR,0.0,-100.0
560,,2024-09-20,2024-09-20,Short,2695.47,2745.0,-49.5300000000002,,SAR,1655.0,38.6
561,,2022-10-07,2022-10-07,Short,1675.0,1700.74,-25.74000000000001,,SAR,inf,-inf
562,,2024-09-23,2024-09-26,Short,2695.47,2695.47,0.0,,BEP,2583.95,4.14
563,,2022-10-07,2022-10-10,Long,1700.74,1666.27,-34.47000000000003,,SAR,1687.95,-0.75
564,,2022-10-10,2022-10-14,Short,1666.27,1714.88,-48.61000000000013,,SAR,1631.3,2.1
565,,2024-09-27,2024-10-11,Long,2766.34,2688.59,-77.75,,SAR,2833.0,2.41
566,,2022-10-14,2022-10-14,Long,1714.88,1699.0,-15.88000000000011,,SAR,1715.25,0.02
567,,2024-10-11,2024-10-16,Short,2688.59,2765.58,-76.98999999999978,,SAR,2700.7,-0.45
568,,2022-10-17,2022-10-19,Short,1690.0,1712.51,-22.50999999999999,,SAR,1675.25,0.87
569,,2024-10-16,2024-10-17,Long,2765.58,2688.59,-76.98999999999978,,SAR,2789.8,0.88
570,,2022-10-19,2022-10-19,Long,1712.51,1691.0,-21.50999999999999,,SAR,0.0,-100.0
571,,2024-10-17,2024-10-30,Short,2688.59,2693.37,-4.779999999999745,,SAR,1677.5,37.61
572,,2022-10-19,2022-10-24,Short,1691.0,1705.84,-14.839999999999918,,SAR,1668.15,1.35
573,,2022-10-24,2022-11-10,Long,1705.84,1728.19,22.350000000000136,,SAR,1795.1,5.23
574,,2024-10-30,2024-11-04,Long,2693.37,2645.82,-47.54999999999973,,SAR,2719.0,0.95
575,,2022-11-10,2022-11-30,Short,1728.19,1752.5,-24.309999999999945,,SAR,1676.0,3.02
576,,2024-11-04,2024-11-18,Short,2645.82,2546.41,99.41000000000031,,SAR,2472.05,6.57
577,,2022-11-30,2022-12-01,Long,1752.5,1770.0,17.5,,SAR,2552.8,45.67
578,,2024-11-18,2024-11-28,Long,2546.41,2591.03,44.620000000000346,,SAR,2654.0,4.23
579,,2022-12-01,2022-12-07,Short,1770.0,1837.85,-67.84999999999991,,SAR,1786.0,-0.9
580,,2024-11-28,2024-12-02,Short,2591.03,2648.12,-57.08999999999969,,SAR,2554.05,1.43
581,,2022-12-07,2022-12-07,Long,1837.85,1837.0,-0.849999999999909,,SAR,0.0,-100.0
582,,2022-12-08,2022-12-14,Short,1808.2,1833.45,-25.25,,SAR,1776.05,1.78
583,,2024-12-02,2024-12-13,Long,2648.12,2628.75,-19.36999999999989,,SAR,2733.75,3.23
584,,2022-12-14,2022-12-14,Long,1833.45,1815.0,-18.450000000000045,,SAR,1833.95,0.03
585,,2024-12-13,2024-12-13,Short,2628.75,2681.32,-52.570000000000164,,TSL,inf,-inf
586,,2022-12-15,2022-12-28,Short,1792.69,1762.3,30.3900000000001,,SAR,1704.0,4.95
587,,2024-12-13,2024-12-17,Long,2697.46,2633.45,-64.01000000000022,,SAR,2718.0,0.76
588,,2022-12-28,2022-12-29,Long,1762.3,1745.9,-16.399999999999864,,SAR,1768.1,0.33
589,RTT,2024-12-17,0,Sell,2633.45,0.0,0.0,,Short,,
590,,2022-12-29,2023-01-18,Sell,1745.9,1671.65,0.0,,SAR,1628.1,
591,,2023-01-18,2023-01-23,Buy,1671.65,1632.02,0.0,,SAR,1693.0,
